{"cameraMode":{"drawMode":0,"name":"Shaded","section":"Shading Mode"},"sceneLighting":false,"audioPlay":false,"sceneViewState":{"m_AlwaysRefresh":true,"showFog":true,"showSkybox":false,"showFlares":true,"showImageEffects":true,"showParticleSystems":true,"showVisualEffectGraphs":true,"m_FxEnabled":true},"in2DMode":false,"pivot":{"x":31.730066299438478,"y":1.7871451377868653,"z":-10.905661582946778},"rotation":{"x":-0.09806446731090546,"y":0.09792432188987732,"z":-0.009679049253463745,"w":-0.9902557730674744},"size":0.09573665261268616,"orthographic":false}