{"cameraMode":{"drawMode":0,"name":"Shaded","section":"Shading Mode"},"sceneLighting":false,"audioPlay":false,"sceneViewState":{"m_AlwaysRefresh":true,"showFog":true,"showSkybox":false,"showFlares":true,"showImageEffects":true,"showParticleSystems":true,"showVisualEffectGraphs":true,"m_FxEnabled":true},"in2DMode":false,"pivot":{"x":103.74783325195313,"y":6.4937872886657719,"z":56.133872985839847},"rotation":{"x":-0.13739047944545747,"y":-0.5957021713256836,"z":0.10338206589221955,"w":-0.7845723032951355},"size":0.2417331337928772,"orthographic":false}