{"cameraMode":{"drawMode":0,"name":"Shaded","section":"Shading Mode"},"sceneLighting":false,"audioPlay":false,"sceneViewState":{"m_AlwaysRefresh":true,"showFog":true,"showSkybox":false,"showFlares":true,"showImageEffects":true,"showParticleSystems":true,"showVisualEffectGraphs":true,"m_FxEnabled":true},"in2DMode":false,"pivot":{"x":104.18439483642578,"y":5.940906524658203,"z":55.65924072265625},"rotation":{"x":-0.03879021480679512,"y":-0.32642433047294619,"z":0.012633990496397019,"w":-0.9443325400352478},"size":0.2417331337928772,"orthographic":false}