{"cameraMode":{"drawMode":0,"name":"Shaded","section":"Shading Mode"},"sceneLighting":false,"audioPlay":false,"sceneViewState":{"m_AlwaysRefresh":true,"showFog":true,"showSkybox":false,"showFlares":true,"showImageEffects":true,"showParticleSystems":true,"showVisualEffectGraphs":true,"m_FxEnabled":true},"in2DMode":false,"pivot":{"x":31.843395233154298,"y":1.7591592073440552,"z":-10.972485542297364},"rotation":{"x":-0.04186752066016197,"y":-0.9035649299621582,"z":0.09084749221801758,"w":-0.41643157601356509},"size":0.1377933919429779,"orthographic":false}