{"cameraMode":{"drawMode":0,"name":"Shaded","section":"Shading Mode"},"sceneLighting":false,"audioPlay":false,"sceneViewState":{"m_AlwaysRefresh":true,"showFog":true,"showSkybox":false,"showFlares":true,"showImageEffects":true,"showParticleSystems":true,"showVisualEffectGraphs":true,"m_FxEnabled":true},"in2DMode":false,"pivot":{"x":31.728885650634767,"y":1.7840665578842164,"z":-10.842617988586426},"rotation":{"x":-0.18461725115776063,"y":-0.010746991261839867,"z":0.0020091203041374685,"w":-0.9826817512512207},"size":0.1377933919429779,"orthographic":false}