{"cameraMode":{"drawMode":0,"name":"Shaded","section":"Shading Mode"},"sceneLighting":true,"audioPlay":false,"sceneViewState":{"m_AlwaysRefresh":true,"showFog":true,"showSkybox":true,"showFlares":true,"showImageEffects":true,"showParticleSystems":true,"showVisualEffectGraphs":true,"m_FxEnabled":true},"in2DMode":false,"pivot":{"x":34.553218841552737,"y":0.05491533502936363,"z":-16.18041229248047},"rotation":{"x":0.013961117714643479,"y":-0.939296543598175,"z":0.3407505750656128,"w":0.03876025229692459},"size":2.622455596923828,"orthographic":false}