{"cameraMode":{"drawMode":0,"name":"Shaded","section":"Shading Mode"},"sceneLighting":true,"audioPlay":false,"sceneViewState":{"m_AlwaysRefresh":true,"showFog":true,"showSkybox":true,"showFlares":true,"showImageEffects":true,"showParticleSystems":true,"showVisualEffectGraphs":true,"m_FxEnabled":true},"in2DMode":false,"pivot":{"x":98.96817779541016,"y":-11.30122184753418,"z":-105.25005340576172},"rotation":{"x":0.21998488903045655,"y":-0.1291102021932602,"z":0.02946614846587181,"w":0.9665185809135437},"size":0.8660253882408142,"orthographic":false}