{"cameraMode":{"drawMode":0,"name":"Shaded","section":"Shading Mode"},"sceneLighting":true,"audioPlay":false,"sceneViewState":{"m_AlwaysRefresh":true,"showFog":true,"showSkybox":true,"showFlares":true,"showImageEffects":true,"showParticleSystems":true,"showVisualEffectGraphs":true,"m_FxEnabled":true},"in2DMode":false,"pivot":{"x":4.126410007476807,"y":-0.008850455284118653,"z":1.9830735921859742},"rotation":{"x":0.168846994638443,"y":0.041377391666173938,"z":-0.00709535414353013,"w":0.9847496151924133},"size":0.8660253882408142,"orthographic":false}