{"cameraMode":{"drawMode":0,"name":"Shaded","section":"Shading Mode"},"sceneLighting":true,"audioPlay":false,"sceneViewState":{"m_AlwaysRefresh":true,"showFog":true,"showSkybox":true,"showFlares":true,"showImageEffects":true,"showParticleSystems":true,"showVisualEffectGraphs":true,"m_FxEnabled":true},"in2DMode":false,"pivot":{"x":42.637359619140628,"y":3.5159337520599367,"z":-28.323593139648439},"rotation":{"x":-0.002421229612082243,"y":0.9414613246917725,"z":0.006770342588424683,"w":0.33706238865852358},"size":9.046600341796875,"orthographic":false}