{"cameraMode":{"drawMode":0,"name":"Shaded","section":"Shading Mode"},"sceneLighting":true,"audioPlay":false,"sceneViewState":{"m_AlwaysRefresh":true,"showFog":true,"showSkybox":true,"showFlares":true,"showImageEffects":true,"showParticleSystems":true,"showVisualEffectGraphs":true,"m_FxEnabled":true},"in2DMode":false,"pivot":{"x":38.33638000488281,"y":3.5431442260742189,"z":-14.319361686706543},"rotation":{"x":-0.06089813634753227,"y":0.43747851252555849,"z":-0.02971159666776657,"w":-0.8966716527938843},"size":1.1658577919006348,"orthographic":false}