{"cameraMode":{"drawMode":0,"name":"Shaded","section":"Shading Mode"},"sceneLighting":true,"audioPlay":false,"sceneViewState":{"m_AlwaysRefresh":true,"showFog":true,"showSkybox":true,"showFlares":true,"showImageEffects":true,"showParticleSystems":true,"showVisualEffectGraphs":true,"m_FxEnabled":true},"in2DMode":false,"pivot":{"x":-32.071868896484378,"y":-17.417360305786134,"z":-151.51644897460938},"rotation":{"x":-0.014048732817173005,"y":-0.9026509523391724,"z":-0.029509346932172777,"w":0.42907965183258059},"size":2.303628444671631,"orthographic":false}