{"cameraMode":{"drawMode":0,"name":"Shaded","section":"Shading Mode"},"sceneLighting":true,"audioPlay":false,"sceneViewState":{"m_AlwaysRefresh":true,"showFog":true,"showSkybox":true,"showFlares":true,"showImageEffects":true,"showParticleSystems":true,"showVisualEffectGraphs":true,"m_FxEnabled":true},"in2DMode":false,"pivot":{"x":60.75814437866211,"y":11.716635704040528,"z":-105.10267639160156},"rotation":{"x":-0.5720412731170654,"y":-0.028451139107346536,"z":0.019127486273646356,"w":-0.8196494579315186},"size":0.1238553375005722,"orthographic":false}