{"cameraMode":{"drawMode":0,"name":"Shaded","section":"Shading Mode"},"sceneLighting":true,"audioPlay":false,"sceneViewState":{"m_AlwaysRefresh":true,"showFog":true,"showSkybox":true,"showFlares":true,"showImageEffects":true,"showParticleSystems":true,"showVisualEffectGraphs":true,"m_FxEnabled":true},"in2DMode":false,"pivot":{"x":0.43508052825927737,"y":1.3656725883483887,"z":-12.706995010375977},"rotation":{"x":-0.13364626467227937,"y":0.6561498045921326,"z":-0.11957953125238419,"w":-0.7330452799797058},"size":8.48705005645752,"orthographic":false}