{"cameraMode":{"drawMode":0,"name":"Shaded","section":"Shading Mode"},"sceneLighting":true,"audioPlay":false,"sceneViewState":{"m_AlwaysRefresh":true,"showFog":true,"showSkybox":true,"showFlares":true,"showImageEffects":true,"showParticleSystems":true,"showVisualEffectGraphs":true,"m_FxEnabled":true},"in2DMode":false,"pivot":{"x":100.45396423339844,"y":-11.094929695129395,"z":-115.71405792236328},"rotation":{"x":0.11784966289997101,"y":0.11359033733606339,"z":-0.012767300009727478,"w":0.9865776300430298},"size":0.3577246367931366,"orthographic":false}