{"cameraMode":{"drawMode":0,"name":"Shaded","section":"Shading Mode"},"sceneLighting":true,"audioPlay":false,"sceneViewState":{"m_AlwaysRefresh":true,"showFog":true,"showSkybox":true,"showFlares":true,"showImageEffects":true,"showParticleSystems":true,"showVisualEffectGraphs":true,"m_FxEnabled":true},"in2DMode":false,"pivot":{"x":34.091793060302737,"y":3.5859973430633547,"z":-13.26560115814209},"rotation":{"x":-0.037941403687000278,"y":-0.617215633392334,"z":0.029865959659218789,"w":-0.7853054404258728},"size":2.9224298000335695,"orthographic":false}