{"cameraMode":{"drawMode":0,"name":"Shaded","section":"Shading Mode"},"sceneLighting":true,"audioPlay":false,"sceneViewState":{"m_AlwaysRefresh":true,"showFog":true,"showSkybox":true,"showFlares":true,"showImageEffects":true,"showParticleSystems":true,"showVisualEffectGraphs":true,"m_FxEnabled":true},"in2DMode":false,"pivot":{"x":34.560001373291019,"y":2.2309999465942385,"z":-10.937000274658204},"rotation":{"x":-0.042163997888565066,"y":-0.9332227110862732,"z":0.11680595576763153,"w":-0.3371463418006897},"size":0.8660253882408142,"orthographic":false}