{"cameraMode":{"drawMode":0,"name":"Shaded","section":"Shading Mode"},"sceneLighting":true,"audioPlay":false,"sceneViewState":{"m_AlwaysRefresh":true,"showFog":true,"showSkybox":true,"showFlares":true,"showImageEffects":true,"showParticleSystems":true,"showVisualEffectGraphs":true,"m_FxEnabled":true},"in2DMode":false,"pivot":{"x":35.119632720947269,"y":4.959965705871582,"z":-7.757332801818848},"rotation":{"x":0.010151523165404797,"y":-0.9761829376220703,"z":0.21144194900989533,"w":0.04672789201140404},"size":0.5722172260284424,"orthographic":false}