{"cameraMode":{"drawMode":0,"name":"Shaded","section":"Shading Mode"},"sceneLighting":true,"audioPlay":false,"sceneViewState":{"m_AlwaysRefresh":true,"showFog":true,"showSkybox":true,"showFlares":true,"showImageEffects":true,"showParticleSystems":true,"showVisualEffectGraphs":true,"m_FxEnabled":true},"in2DMode":false,"pivot":{"x":-3.044437885284424,"y":12.919736862182618,"z":-15.243429183959961},"rotation":{"x":0.030204664915800096,"y":-0.7940024137496948,"z":0.03957493230700493,"w":0.6058023571968079},"size":5.6462907791137699,"orthographic":false}