{"cameraMode":{"drawMode":0,"name":"Shaded","section":"Shading Mode"},"sceneLighting":true,"audioPlay":false,"sceneViewState":{"m_AlwaysRefresh":true,"showFog":true,"showSkybox":true,"showFlares":true,"showImageEffects":true,"showParticleSystems":true,"showVisualEffectGraphs":true,"m_FxEnabled":true},"in2DMode":false,"pivot":{"x":31.946651458740236,"y":3.566469430923462,"z":-5.5696892738342289},"rotation":{"x":-0.010216041468083859,"y":-0.986511766910553,"z":0.06848634034395218,"w":-0.1477908492088318},"size":0.4099527895450592,"orthographic":false}