{"cameraMode":{"drawMode":0,"name":"Shaded","section":"Shading Mode"},"sceneLighting":true,"audioPlay":false,"sceneViewState":{"m_AlwaysRefresh":true,"showFog":true,"showSkybox":true,"showFlares":true,"showImageEffects":true,"showParticleSystems":true,"showVisualEffectGraphs":true,"m_FxEnabled":true},"in2DMode":false,"pivot":{"x":34.92546844482422,"y":4.451582908630371,"z":-15.702192306518555},"rotation":{"x":0.022798776626586915,"y":0.017499445006251336,"z":-0.0003735127975232899,"w":0.9995409846305847},"size":2.555630683898926,"orthographic":false}