{"cameraMode":{"drawMode":0,"name":"Shaded","section":"Shading Mode"},"sceneLighting":true,"audioPlay":false,"sceneViewState":{"m_AlwaysRefresh":true,"showFog":true,"showSkybox":true,"showFlares":true,"showImageEffects":true,"showParticleSystems":true,"showVisualEffectGraphs":true,"m_FxEnabled":true},"in2DMode":false,"pivot":{"x":33.99193572998047,"y":3.0446672439575197,"z":-28.50174331665039},"rotation":{"x":-0.002699553966522217,"y":-0.9971408247947693,"z":0.06050737574696541,"w":-0.045079801231622699},"size":2.9224298000335695,"orthographic":false}