{"cameraMode":{"drawMode":0,"name":"Shaded","section":"Shading Mode"},"sceneLighting":true,"audioPlay":false,"sceneViewState":{"m_AlwaysRefresh":true,"showFog":true,"showSkybox":true,"showFlares":true,"showImageEffects":true,"showParticleSystems":true,"showVisualEffectGraphs":true,"m_FxEnabled":true},"in2DMode":false,"pivot":{"x":14.467232704162598,"y":4.948507785797119,"z":-17.945093154907228},"rotation":{"x":0.0011560603743419052,"y":-0.9903051853179932,"z":-0.008613619022071362,"w":-0.1389940232038498},"size":0.8675354719161987,"orthographic":false}