{"cameraMode":{"drawMode":0,"name":"Shaded","section":"Shading Mode"},"sceneLighting":true,"audioPlay":false,"sceneViewState":{"m_AlwaysRefresh":true,"showFog":true,"showSkybox":true,"showFlares":true,"showImageEffects":true,"showParticleSystems":true,"showVisualEffectGraphs":true,"m_FxEnabled":true},"in2DMode":false,"pivot":{"x":34.89815139770508,"y":4.155569553375244,"z":-23.926259994506837},"rotation":{"x":0.0006721007521264255,"y":0.987044095993042,"z":-0.0004140285891480744,"w":-0.1601904332637787},"size":2.837050437927246,"orthographic":false}