{"cameraMode":{"drawMode":0,"name":"Shaded","section":"Shading Mode"},"sceneLighting":false,"audioPlay":false,"sceneViewState":{"m_AlwaysRefresh":true,"showFog":true,"showSkybox":false,"showFlares":true,"showImageEffects":true,"showParticleSystems":true,"showVisualEffectGraphs":true,"m_FxEnabled":true},"in2DMode":false,"pivot":{"x":25.674854278564454,"y":2.9523065090179445,"z":-6.365636348724365},"rotation":{"x":0.05582493171095848,"y":0.22516541182994843,"z":-0.012781220488250256,"w":0.9725580811500549},"size":1.4968253374099732,"orthographic":false}