{"cameraMode":{"drawMode":0,"name":"Shaded","section":"Shading Mode"},"sceneLighting":false,"audioPlay":false,"sceneViewState":{"m_AlwaysRefresh":true,"showFog":true,"showSkybox":false,"showFlares":true,"showImageEffects":true,"showParticleSystems":true,"showVisualEffectGraphs":true,"m_FxEnabled":true},"in2DMode":false,"pivot":{"x":31.278976440429689,"y":1.476106882095337,"z":-11.150379180908204},"rotation":{"x":0.19124890863895417,"y":0.08625662326812744,"z":-0.016964389011263849,"w":0.9775616526603699},"size":0.213724285364151,"orthographic":false}