{"cameraMode":{"drawMode":0,"name":"Shaded","section":"Shading Mode"},"sceneLighting":false,"audioPlay":false,"sceneViewState":{"m_AlwaysRefresh":true,"showFog":true,"showSkybox":false,"showFlares":true,"showImageEffects":true,"showParticleSystems":true,"showVisualEffectGraphs":true,"m_FxEnabled":true},"in2DMode":false,"pivot":{"x":31.718826293945314,"y":1.7495450973510743,"z":-10.908126831054688},"rotation":{"x":-0.2124985307455063,"y":0.023021865636110307,"z":-0.005017349496483803,"w":-0.9768104553222656},"size":0.05116984248161316,"orthographic":false}