{"cameraMode":{"drawMode":0,"name":"Shaded","section":"Shading Mode"},"sceneLighting":false,"audioPlay":false,"sceneViewState":{"m_AlwaysRefresh":true,"showFog":true,"showSkybox":false,"showFlares":true,"showImageEffects":true,"showParticleSystems":true,"showVisualEffectGraphs":true,"m_FxEnabled":true},"in2DMode":false,"pivot":{"x":0.0595020055770874,"y":0.1654871702194214,"z":0.0016005933284759522},"rotation":{"x":-0.16542011499404908,"y":-0.5085395574569702,"z":0.1003371924161911,"w":-0.8389806151390076},"size":0.8237080574035645,"orthographic":false}