{"cameraMode":{"drawMode":0,"name":"Shaded","section":"Shading Mode"},"sceneLighting":false,"audioPlay":false,"sceneViewState":{"m_AlwaysRefresh":true,"showFog":true,"showSkybox":false,"showFlares":true,"showImageEffects":true,"showParticleSystems":true,"showVisualEffectGraphs":true,"m_FxEnabled":true},"in2DMode":false,"pivot":{"x":31.72002410888672,"y":1.786582112312317,"z":-10.9087495803833},"rotation":{"x":-0.10139939934015274,"y":0.17618443071842194,"z":-0.018200306221842767,"w":-0.9789183139801025},"size":0.09573665261268616,"orthographic":false}