{"cameraMode":{"drawMode":0,"name":"Shaded","section":"Shading Mode"},"sceneLighting":false,"audioPlay":false,"sceneViewState":{"m_AlwaysRefresh":true,"showFog":true,"showSkybox":false,"showFlares":true,"showImageEffects":true,"showParticleSystems":true,"showVisualEffectGraphs":true,"m_FxEnabled":true},"in2DMode":false,"pivot":{"x":9.728814125061036,"y":-3.989673376083374,"z":-0.37166714668273928},"rotation":{"x":0.21017642319202424,"y":-0.11700597405433655,"z":0.025349939242005349,"w":0.9703238010406494},"size":1.5811792612075806,"orthographic":false}