{"cameraMode":{"drawMode":0,"name":"Shaded","section":"Shading Mode"},"sceneLighting":false,"audioPlay":false,"sceneViewState":{"m_AlwaysRefresh":true,"showFog":true,"showSkybox":false,"showFlares":true,"showImageEffects":true,"showParticleSystems":true,"showVisualEffectGraphs":true,"m_FxEnabled":true},"in2DMode":false,"pivot":{"x":0.9590087532997131,"y":-15.203263282775879,"z":-113.88501739501953},"rotation":{"x":0.004655900876969099,"y":-0.9903644323348999,"z":0.13483701646327973,"w":0.03798505291342735},"size":0.9748132228851318,"orthographic":false}