{"cameraMode":{"drawMode":0,"name":"Shaded","section":"Shading Mode"},"sceneLighting":false,"audioPlay":false,"sceneViewState":{"m_AlwaysRefresh":true,"showFog":true,"showSkybox":false,"showFlares":true,"showImageEffects":true,"showParticleSystems":true,"showVisualEffectGraphs":true,"m_FxEnabled":true},"in2DMode":false,"pivot":{"x":1.166504979133606,"y":-14.678905487060547,"z":-114.83831024169922},"rotation":{"x":0.10033708065748215,"y":-0.8957605361938477,"z":0.3526473641395569,"w":0.25235989689826968},"size":1.8002386093139649,"orthographic":false}