{"cameraMode":{"drawMode":0,"name":"Shaded","section":"Shading Mode"},"sceneLighting":false,"audioPlay":false,"sceneViewState":{"m_AlwaysRefresh":true,"showFog":true,"showSkybox":false,"showFlares":true,"showImageEffects":true,"showParticleSystems":true,"showVisualEffectGraphs":true,"m_FxEnabled":true},"in2DMode":false,"pivot":{"x":31.727622985839845,"y":1.7477658987045289,"z":-10.914687156677246},"rotation":{"x":-0.04098173975944519,"y":0.9422972202301025,"z":-0.12851040065288545,"w":-0.30632472038269045},"size":0.05116984248161316,"orthographic":false}