{"cameraMode":{"drawMode":0,"name":"Shaded","section":"Shading Mode"},"sceneLighting":false,"audioPlay":false,"sceneViewState":{"m_AlwaysRefresh":true,"showFog":true,"showSkybox":false,"showFlares":true,"showImageEffects":true,"showParticleSystems":true,"showVisualEffectGraphs":true,"m_FxEnabled":true},"in2DMode":false,"pivot":{"x":35.8173942565918,"y":11.123425483703614,"z":-13.982246398925782},"rotation":{"x":-0.0007902028737589717,"y":0.9982192516326904,"z":-0.02879270538687706,"w":-0.051363881677389148},"size":0.8660253882408142,"orthographic":false}