{"cameraMode":{"drawMode":0,"name":"Shaded","section":"Shading Mode"},"sceneLighting":false,"audioPlay":false,"sceneViewState":{"m_AlwaysRefresh":true,"showFog":true,"showSkybox":false,"showFlares":true,"showImageEffects":true,"showParticleSystems":true,"showVisualEffectGraphs":true,"m_FxEnabled":true},"in2DMode":false,"pivot":{"x":21.845632553100587,"y":14.143608093261719,"z":-16.403886795043947},"rotation":{"x":0.13233564794063569,"y":0.7285934090614319,"z":-0.1459266096353531,"w":0.6559370756149292},"size":0.8660253882408142,"orthographic":false}