{"cameraMode":{"drawMode":0,"name":"Shaded","section":"Shading Mode"},"sceneLighting":false,"audioPlay":false,"sceneViewState":{"m_AlwaysRefresh":true,"showFog":true,"showSkybox":false,"showFlares":true,"showImageEffects":true,"showParticleSystems":true,"showVisualEffectGraphs":true,"m_FxEnabled":true},"in2DMode":false,"pivot":{"x":32.072628021240237,"y":1.82662832736969,"z":-10.638782501220704},"rotation":{"x":-0.043390609323978427,"y":0.9434003233909607,"z":-0.1402059644460678,"w":-0.2973335087299347},"size":0.24904873967170716,"orthographic":false}