{"cameraMode":{"drawMode":0,"name":"Shaded","section":"Shading Mode"},"sceneLighting":false,"audioPlay":false,"sceneViewState":{"m_AlwaysRefresh":true,"showFog":true,"showSkybox":false,"showFlares":true,"showImageEffects":true,"showParticleSystems":true,"showVisualEffectGraphs":true,"m_FxEnabled":true},"in2DMode":false,"pivot":{"x":25.78547477722168,"y":3.5444459915161135,"z":-8.468384742736817},"rotation":{"x":-0.34133991599082949,"y":-0.00251210224814713,"z":0.00009222364315064624,"w":-0.9400637745857239},"size":1.576979637145996,"orthographic":false}