{"cameraMode":{"drawMode":0,"name":"Shaded","section":"Shading Mode"},"sceneLighting":false,"audioPlay":false,"sceneViewState":{"m_AlwaysRefresh":true,"showFog":true,"showSkybox":false,"showFlares":true,"showImageEffects":true,"showParticleSystems":true,"showVisualEffectGraphs":true,"m_FxEnabled":true},"in2DMode":false,"pivot":{"x":1.3075482845306397,"y":-15.650583267211914,"z":-114.90898132324219},"rotation":{"x":0.047036945819854739,"y":0.702804684638977,"z":-0.04667120799422264,"w":0.7083143591880798},"size":0.38952314853668215,"orthographic":false}