{"cameraMode":{"drawMode":0,"name":"Shaded","section":"Shading Mode"},"sceneLighting":false,"audioPlay":false,"sceneViewState":{"m_AlwaysRefresh":true,"showFog":true,"showSkybox":false,"showFlares":true,"showImageEffects":true,"showParticleSystems":true,"showVisualEffectGraphs":true,"m_FxEnabled":true},"in2DMode":false,"pivot":{"x":9.62171745300293,"y":-4.066594123840332,"z":-0.49236059188842776},"rotation":{"x":0.2210007756948471,"y":-0.14277608692646027,"z":0.032730165868997577,"w":0.9642245173454285},"size":1.6798948049545289,"orthographic":false}