{"cameraMode":{"drawMode":0,"name":"Shaded","section":"Shading Mode"},"sceneLighting":false,"audioPlay":false,"sceneViewState":{"m_AlwaysRefresh":true,"showFog":true,"showSkybox":false,"showFlares":true,"showImageEffects":true,"showParticleSystems":true,"showVisualEffectGraphs":true,"m_FxEnabled":true},"in2DMode":false,"pivot":{"x":31.777559280395509,"y":1.833014965057373,"z":-10.963912010192871},"rotation":{"x":-0.2763312757015228,"y":-0.4693426787853241,"z":0.15751416981220246,"w":-0.8236987590789795},"size":0.18035806715488435,"orthographic":false}