{"cameraMode":{"drawMode":0,"name":"Shaded","section":"Shading Mode"},"sceneLighting":false,"audioPlay":false,"sceneViewState":{"m_AlwaysRefresh":true,"showFog":true,"showSkybox":false,"showFlares":true,"showImageEffects":true,"showParticleSystems":true,"showVisualEffectGraphs":true,"m_FxEnabled":true},"in2DMode":false,"pivot":{"x":32.198123931884769,"y":1.8562315702438355,"z":-10.671916007995606},"rotation":{"x":-0.0023287523072212936,"y":0.8382204174995422,"z":-0.003503356594592333,"w":-0.5452635288238525},"size":0.14547128975391389,"orthographic":false}