{"cameraMode":{"drawMode":0,"name":"Shaded","section":"Shading Mode"},"sceneLighting":false,"audioPlay":false,"sceneViewState":{"m_AlwaysRefresh":true,"showFog":true,"showSkybox":false,"showFlares":true,"showImageEffects":true,"showParticleSystems":true,"showVisualEffectGraphs":true,"m_FxEnabled":true},"in2DMode":false,"pivot":{"x":34.64942932128906,"y":7.190685272216797,"z":-10.177467346191407},"rotation":{"x":-0.13560067117214204,"y":0.22396501898765565,"z":-0.032138146460056308,"w":-0.9646599888801575},"size":0.8660253882408142,"orthographic":false}