{"cameraMode":{"drawMode":0,"name":"Shaded","section":"Shading Mode"},"sceneLighting":false,"audioPlay":false,"sceneViewState":{"m_AlwaysRefresh":true,"showFog":true,"showSkybox":false,"showFlares":true,"showImageEffects":true,"showParticleSystems":true,"showVisualEffectGraphs":true,"m_FxEnabled":true},"in2DMode":false,"pivot":{"x":26.21161651611328,"y":2.4864935874938967,"z":-5.817890644073486},"rotation":{"x":0.19699633121490479,"y":0.0039734914898872379,"z":-0.0005328480619937182,"w":0.9803630113601685},"size":1.5657095909118653,"orthographic":false}