{"cameraMode":{"drawMode":0,"name":"Shaded","section":"Shading Mode"},"sceneLighting":false,"audioPlay":false,"sceneViewState":{"m_AlwaysRefresh":true,"showFog":true,"showSkybox":false,"showFlares":true,"showImageEffects":true,"showParticleSystems":true,"showVisualEffectGraphs":true,"m_FxEnabled":true},"in2DMode":false,"pivot":{"x":32.440155029296878,"y":2.0437374114990236,"z":-11.045897483825684},"rotation":{"x":-0.17550505697727204,"y":0.23134753108024598,"z":-0.04352313280105591,"w":-0.9560353755950928},"size":0.1283842921257019,"orthographic":false}