{"cameraMode":{"drawMode":0,"name":"Shaded","section":"Shading Mode"},"sceneLighting":false,"audioPlay":false,"sceneViewState":{"m_AlwaysRefresh":true,"showFog":true,"showSkybox":false,"showFlares":true,"showImageEffects":true,"showParticleSystems":true,"showVisualEffectGraphs":true,"m_FxEnabled":true},"in2DMode":false,"pivot":{"x":26.850509643554689,"y":2.9152939319610597,"z":-6.533375263214111},"rotation":{"x":0.030297759920358659,"y":-0.9422997236251831,"z":0.08967532217502594,"w":0.32099246978759768},"size":1.5657095909118653,"orthographic":false}