{"cameraMode":{"drawMode":0,"name":"Shaded","section":"Shading Mode"},"sceneLighting":false,"audioPlay":false,"sceneViewState":{"m_AlwaysRefresh":true,"showFog":true,"showSkybox":false,"showFlares":true,"showImageEffects":true,"showParticleSystems":true,"showVisualEffectGraphs":true,"m_FxEnabled":true},"in2DMode":false,"pivot":{"x":31.718826293945314,"y":1.7118418216705323,"z":-10.908126831054688},"rotation":{"x":-0.13560067117214204,"y":0.22396501898765565,"z":-0.032138146460056308,"w":-0.9646599888801575},"size":1.0651401281356812,"orthographic":false}