{"cameraMode":{"drawMode":0,"name":"Shaded","section":"Shading Mode"},"sceneLighting":false,"audioPlay":false,"sceneViewState":{"m_AlwaysRefresh":true,"showFog":true,"showSkybox":false,"showFlares":true,"showImageEffects":true,"showParticleSystems":true,"showVisualEffectGraphs":true,"m_FxEnabled":true},"in2DMode":false,"pivot":{"x":31.724544525146486,"y":1.8055421113967896,"z":-10.883410453796387},"rotation":{"x":-0.023693371564149858,"y":0.031053652986884118,"z":-0.0006890696822665632,"w":-0.999204695224762},"size":0.12391815334558487,"orthographic":false}