{"cameraMode":{"drawMode":0,"name":"Shaded","section":"Shading Mode"},"sceneLighting":false,"audioPlay":false,"sceneViewState":{"m_AlwaysRefresh":true,"showFog":true,"showSkybox":false,"showFlares":true,"showImageEffects":true,"showParticleSystems":true,"showVisualEffectGraphs":true,"m_FxEnabled":true},"in2DMode":false,"pivot":{"x":10.426400184631348,"y":-3.6169774532318117,"z":-1.0321455001831055},"rotation":{"x":0.2790682017803192,"y":0.0791059285402298,"z":-0.023070910945534707,"w":0.9567490816116333},"size":1.6798948049545289,"orthographic":false}