{"cameraMode":{"drawMode":0,"name":"Shaded","section":"Shading Mode"},"sceneLighting":false,"audioPlay":false,"sceneViewState":{"m_AlwaysRefresh":true,"showFog":true,"showSkybox":false,"showFlares":true,"showImageEffects":true,"showParticleSystems":true,"showVisualEffectGraphs":true,"m_FxEnabled":true},"in2DMode":false,"pivot":{"x":32.203548431396487,"y":1.7117362022399903,"z":-10.949212074279786},"rotation":{"x":0.02258961647748947,"y":-0.9738150238990784,"z":0.1965910643339157,"w":0.11162202805280686},"size":0.1193288117647171,"orthographic":false}