{"cameraMode":{"drawMode":0,"name":"Shaded","section":"Shading Mode"},"sceneLighting":false,"audioPlay":false,"sceneViewState":{"m_AlwaysRefresh":true,"showFog":true,"showSkybox":false,"showFlares":true,"showImageEffects":true,"showParticleSystems":true,"showVisualEffectGraphs":true,"m_FxEnabled":true},"in2DMode":false,"pivot":{"x":33.35578155517578,"y":2.6117491722106935,"z":-12.727005004882813},"rotation":{"x":-0.002976553048938513,"y":-0.9920356273651123,"z":0.12415210902690888,"w":-0.02310051955282688},"size":1.1436548233032227,"orthographic":false}